[{"pk": 33, "model": "contenttypes.contenttype", "fields": {"model": "bookmark", "name": "bookmark", "app_label": "menu"}}, {"pk": 19, "model": "contenttypes.contenttype", "fields": {"model": "cachekey", "name": "cache key", "app_label": "menus"}}, {"pk": 25, "model": "contenttypes.contenttype", "fields": {"model": "clipboard", "name": "clipboard", "app_label": "filer"}}, {"pk": 26, "model": "contenttypes.contenttype", "fields": {"model": "clipboarditem", "name": "clipboard item", "app_label": "filer"}}, {"pk": 9, "model": "contenttypes.contenttype", "fields": {"model": "cmsplugin", "name": "cms plugin", "app_label": "cms"}}, {"pk": 4, "model": "contenttypes.contenttype", "fields": {"model": "contenttype", "name": "content type", "app_label": "contenttypes"}}, {"pk": 34, "model": "contenttypes.contenttype", "fields": {"model": "dashboardpreferences", "name": "dashboard preferences", "app_label": "dashboard"}}, {"pk": 24, "model": "contenttypes.contenttype", "fields": {"model": "file", "name": "file", "app_label": "filer"}}, {"pk": 22, "model": "contenttypes.contenttype", "fields": {"model": "folder", "name": "Folder", "app_label": "filer"}}, {"pk": 23, "model": "contenttypes.contenttype", "fields": {"model": "folderpermission", "name": "folder permission", "app_label": "filer"}}, {"pk": 32, "model": "contenttypes.contenttype", "fields": {"model": "formlog", "name": "form log", "app_label": "myforms"}}, {"pk": 31, "model": "contenttypes.contenttype", "fields": {"model": "formlogplugin", "name": "form log plugin", "app_label": "myforms"}}, {"pk": 2, "model": "contenttypes.contenttype", "fields": {"model": "group", "name": "group", "app_label": "auth"}}, {"pk": 27, "model": "contenttypes.contenttype", "fields": {"model": "image", "name": "image", "app_label": "filer"}}, {"pk": 7, "model": "contenttypes.contenttype", "fields": {"model": "logentry", "name": "log entry", "app_label": "admin"}}, {"pk": 18, "model": "contenttypes.contenttype", "fields": {"model": "migrationhistory", "name": "migration history", "app_label": "south"}}, {"pk": 35, "model": "contenttypes.contenttype", "fields": {"model": "options", "name": "options", "app_label": "options"}}, {"pk": 10, "model": "contenttypes.contenttype", "fields": {"model": "page", "name": "page", "app_label": "cms"}}, {"pk": 13, "model": "contenttypes.contenttype", "fields": {"model": "globalpagepermission", "name": "Page global permission", "app_label": "cms"}}, {"pk": 11, "model": "contenttypes.contenttype", "fields": {"model": "pagemoderator", "name": "PageModerator", "app_label": "cms"}}, {"pk": 12, "model": "contenttypes.contenttype", "fields": {"model": "pagemoderatorstate", "name": "Page moderator state", "app_label": "cms"}}, {"pk": 14, "model": "contenttypes.contenttype", "fields": {"model": "pagepermission", "name": "Page permission", "app_label": "cms"}}, {"pk": 1, "model": "contenttypes.contenttype", "fields": {"model": "permission", "name": "permission", "app_label": "auth"}}, {"pk": 8, "model": "contenttypes.contenttype", "fields": {"model": "placeholder", "name": "placeholder", "app_label": "cms"}}, {"pk": 5, "model": "contenttypes.contenttype", "fields": {"model": "session", "name": "session", "app_label": "sessions"}}, {"pk": 6, "model": "contenttypes.contenttype", "fields": {"model": "site", "name": "site", "app_label": "sites"}}, {"pk": 30, "model": "contenttypes.contenttype", "fields": {"model": "sliderplugin", "name": "slider plugin", "app_label": "cmsplugin_nivoslider"}}, {"pk": 28, "model": "contenttypes.contenttype", "fields": {"model": "source", "name": "source", "app_label": "easy_thumbnails"}}, {"pk": 20, "model": "contenttypes.contenttype", "fields": {"model": "text", "name": "text", "app_label": "text"}}, {"pk": 29, "model": "contenttypes.contenttype", "fields": {"model": "thumbnail", "name": "thumbnail", "app_label": "easy_thumbnails"}}, {"pk": 17, "model": "contenttypes.contenttype", "fields": {"model": "title", "name": "title", "app_label": "cms"}}, {"pk": 3, "model": "contenttypes.contenttype", "fields": {"model": "user", "name": "user", "app_label": "auth"}}, {"pk": 16, "model": "contenttypes.contenttype", "fields": {"model": "pageusergroup", "name": "User group (page)", "app_label": "cms"}}, {"pk": 15, "model": "contenttypes.contenttype", "fields": {"model": "pageuser", "name": "User (page)", "app_label": "cms"}}, {"pk": 21, "model": "contenttypes.contenttype", "fields": {"model": "clearhtml", "name": "\u0427\u0438\u0441\u0442\u044b\u0439 html", "app_label": "bootstrap_tags"}}, {"pk": "042719829b6545f4848097bf9efe326b", "model": "sessions.session", "fields": {"expire_date": "2012-09-13T12:19:20.556Z", "session_data": "OWFkOGIyMzY2OTk3NjI1ZDU4Yzk1NjI4ZWFiOWNhODMxZjNmMzNmMDqAAn1xAS4=\n"}}, {"pk": 1, "model": "sites.site", "fields": {"domain": "example.com", "name": "example.com"}}, {"pk": 1, "model": "cms.placeholder", "fields": {"slot": "slider", "default_width": null}}, {"pk": 2, "model": "cms.placeholder", "fields": {"slot": "content", "default_width": null}}, {"pk": 3, "model": "cms.placeholder", "fields": {"slot": "slider", "default_width": null}}, {"pk": 4, "model": "cms.placeholder", "fields": {"slot": "content", "default_width": null}}, {"pk": 5, "model": "cms.placeholder", "fields": {"slot": "slider", "default_width": null}}, {"pk": 6, "model": "cms.placeholder", "fields": {"slot": "content", "default_width": null}}, {"pk": 7, "model": "cms.placeholder", "fields": {"slot": "slider", "default_width": null}}, {"pk": 8, "model": "cms.placeholder", "fields": {"slot": "content", "default_width": null}}, {"pk": 9, "model": "cms.placeholder", "fields": {"slot": "slider", "default_width": null}}, {"pk": 10, "model": "cms.placeholder", "fields": {"slot": "content", "default_width": null}}, {"pk": 1, "model": "cms.cmsplugin", "fields": {"rght": 2, "parent": null, "language": "ru", "level": 0, "creation_date": "2012-08-29T11:30:31.024Z", "lft": 1, "tree_id": 1, "position": 0, "placeholder": 4, "plugin_type": "MyFormPlugin"}}, {"pk": 2, "model": "cms.cmsplugin", "fields": {"rght": 2, "parent": null, "language": "ru", "level": 0, "creation_date": "2012-08-30T11:03:56.633Z", "lft": 1, "tree_id": 2, "position": 0, "placeholder": 2, "plugin_type": "TextPlugin"}}, {"pk": 3, "model": "cms.cmsplugin", "fields": {"rght": 2, "parent": null, "language": "ru", "level": 0, "creation_date": "2012-08-30T11:12:09.307Z", "lft": 1, "tree_id": 3, "position": 1, "placeholder": 2, "plugin_type": "ClearHtmlPlugin"}}, {"pk": 4, "model": "cms.cmsplugin", "fields": {"rght": 2, "parent": null, "language": "ru", "level": 0, "creation_date": "2012-08-30T11:15:41.337Z", "lft": 1, "tree_id": 4, "position": 0, "placeholder": 6, "plugin_type": "TextPlugin"}}, {"pk": 5, "model": "cms.cmsplugin", "fields": {"rght": 2, "parent": null, "language": "ru", "level": 0, "creation_date": "2012-08-30T11:16:44.432Z", "lft": 1, "tree_id": 5, "position": 0, "placeholder": 8, "plugin_type": "TextPlugin"}}, {"pk": 6, "model": "cms.cmsplugin", "fields": {"rght": 2, "parent": null, "language": "ru", "level": 0, "creation_date": "2012-08-30T11:20:05.572Z", "lft": 1, "tree_id": 6, "position": 0, "placeholder": 10, "plugin_type": "TextPlugin"}}, {"pk": 1, "model": "cms.page", "fields": {"rght": 2, "navigation_extenders": "", "site": 1, "creation_date": "2012-08-29T11:30:07.182Z", "lft": 1, "in_navigation": true, "reverse_id": null, "login_required": false, "created_by": "admin", "publication_end_date": null, "moderator_state": 0, "template": "index.html", "tree_id": 1, "placeholders": [1, 2], "changed_date": "2012-08-30T11:14:29.302Z", "limit_visibility_in_menu": null, "parent": null, "publisher_state": 1, "soft_root": false, "publication_date": "2012-08-29T11:30:41.154Z", "publisher_public": null, "level": 0, "changed_by": "admin", "publisher_is_draft": true, "published": true}}, {"pk": 2, "model": "cms.page", "fields": {"rght": 2, "navigation_extenders": "", "site": 1, "creation_date": "2012-08-29T11:30:16.524Z", "lft": 1, "in_navigation": true, "reverse_id": null, "login_required": false, "created_by": "admin", "publication_end_date": null, "moderator_state": 0, "template": "index.html", "tree_id": 2, "placeholders": [3, 4], "changed_date": "2012-08-29T11:31:37.983Z", "limit_visibility_in_menu": null, "parent": null, "publisher_state": 1, "soft_root": false, "publication_date": "2012-08-29T11:30:26.259Z", "publisher_public": null, "level": 0, "changed_by": "admin", "publisher_is_draft": true, "published": true}}, {"pk": 3, "model": "cms.page", "fields": {"rght": 2, "navigation_extenders": "", "site": 1, "creation_date": "2012-08-30T10:58:28.491Z", "lft": 1, "in_navigation": true, "reverse_id": null, "login_required": false, "created_by": "admin", "publication_end_date": null, "moderator_state": 0, "template": "index.html", "tree_id": 3, "placeholders": [5, 6], "changed_date": "2012-08-30T11:16:19.355Z", "limit_visibility_in_menu": null, "parent": null, "publisher_state": 1, "soft_root": false, "publication_date": "2012-08-30T11:01:02.718Z", "publisher_public": null, "level": 0, "changed_by": "admin", "publisher_is_draft": true, "published": true}}, {"pk": 4, "model": "cms.page", "fields": {"rght": 2, "navigation_extenders": "", "site": 1, "creation_date": "2012-08-30T11:00:27.984Z", "lft": 1, "in_navigation": true, "reverse_id": null, "login_required": false, "created_by": "admin", "publication_end_date": null, "moderator_state": 0, "template": "index.html", "tree_id": 4, "placeholders": [7, 8], "changed_date": "2012-08-30T11:19:43.572Z", "limit_visibility_in_menu": null, "parent": null, "publisher_state": 1, "soft_root": false, "publication_date": "2012-08-30T11:01:06.310Z", "publisher_public": null, "level": 0, "changed_by": "admin", "publisher_is_draft": true, "published": true}}, {"pk": 5, "model": "cms.page", "fields": {"rght": 2, "navigation_extenders": "", "site": 1, "creation_date": "2012-08-30T11:00:54.219Z", "lft": 1, "in_navigation": true, "reverse_id": null, "login_required": false, "created_by": "admin", "publication_end_date": null, "moderator_state": 0, "template": "index.html", "tree_id": 5, "placeholders": [9, 10], "changed_date": "2012-08-30T11:21:19.728Z", "limit_visibility_in_menu": null, "parent": null, "publisher_state": 1, "soft_root": false, "publication_date": "2012-08-30T11:01:10.196Z", "publisher_public": null, "level": 0, "changed_by": "admin", "publisher_is_draft": true, "published": true}}, {"pk": 2, "model": "cms.title", "fields": {"menu_title": "", "redirect": "", "meta_keywords": "", "page_title": "", "language": "ru", "title": "\u0417\u0430\u043a\u0430\u0437\u0430\u0442\u044c", "has_url_overwrite": false, "application_urls": "", "creation_date": "2012-08-29T11:30:16.617Z", "page": 2, "path": "zakazat", "meta_description": "", "slug": "zakazat"}}, {"pk": 1, "model": "cms.title", "fields": {"menu_title": "", "redirect": "", "meta_keywords": "", "page_title": "", "language": "ru", "title": "\u0413\u043b\u0430\u0432\u043d\u0430\u044f", "has_url_overwrite": false, "application_urls": "", "creation_date": "2012-08-29T11:30:07.277Z", "page": 1, "path": "", "meta_description": "", "slug": "main"}}, {"pk": 3, "model": "cms.title", "fields": {"menu_title": "", "redirect": "", "meta_keywords": "", "page_title": "", "language": "ru", "title": "\u0414\u043e\u0441\u0442\u0430\u0432\u043a\u0430", "has_url_overwrite": false, "application_urls": "", "creation_date": "2012-08-30T10:58:29.146Z", "page": 3, "path": "dostavka", "meta_description": "", "slug": "dostavka"}}, {"pk": 4, "model": "cms.title", "fields": {"menu_title": "", "redirect": "", "meta_keywords": "", "page_title": "", "language": "ru", "title": "\u041a\u043e\u043d\u0442\u0430\u043a\u0442\u044b", "has_url_overwrite": false, "application_urls": "", "creation_date": "2012-08-30T11:00:28.682Z", "page": 4, "path": "kontakty", "meta_description": "", "slug": "kontakty"}}, {"pk": 5, "model": "cms.title", "fields": {"menu_title": "", "redirect": "", "meta_keywords": "", "page_title": "", "language": "ru", "title": "\u041e\u043f\u0442\u043e\u0432\u044b\u0435 \u0437\u0430\u043a\u0443\u043f\u043a\u0438", "has_url_overwrite": false, "application_urls": "", "creation_date": "2012-08-30T11:00:54.889Z", "page": 5, "path": "optovye-zakupki", "meta_description": "", "slug": "optovye-zakupki"}}, {"pk": 1, "model": "south.migrationhistory", "fields": {"applied": "2012-08-29T11:29:39.834Z", "app_name": "cms", "migration": "0001_initial"}}, {"pk": 2, "model": "south.migrationhistory", "fields": {"applied": "2012-08-29T11:29:39.846Z", "app_name": "cms", "migration": "0002_auto_start"}}, {"pk": 3, "model": "south.migrationhistory", "fields": {"applied": "2012-08-29T11:29:39.854Z", "app_name": "cms", "migration": "0003_remove_placeholder"}}, {"pk": 4, "model": "south.migrationhistory", "fields": {"applied": "2012-08-29T11:29:39.863Z", "app_name": "cms", "migration": "0004_textobjects"}}, {"pk": 5, "model": "south.migrationhistory", "fields": {"applied": "2012-08-29T11:29:39.872Z", "app_name": "cms", "migration": "0005_mptt_added_to_plugins"}}, {"pk": 6, "model": "south.migrationhistory", "fields": {"applied": "2012-08-29T11:29:39.885Z", "app_name": "text", "migration": "0001_initial"}}, {"pk": 7, "model": "south.migrationhistory", "fields": {"applied": "2012-08-29T11:29:39.892Z", "app_name": "text", "migration": "0002_freeze"}}, {"pk": 8, "model": "south.migrationhistory", "fields": {"applied": "2012-08-29T11:29:39.899Z", "app_name": "cms", "migration": "0006_apphook"}}, {"pk": 9, "model": "south.migrationhistory", "fields": {"applied": "2012-08-29T11:29:39.907Z", "app_name": "cms", "migration": "0007_apphook_longer"}}, {"pk": 10, "model": "south.migrationhistory", "fields": {"applied": "2012-08-29T11:29:39.914Z", "app_name": "cms", "migration": "0008_redirects"}}, {"pk": 11, "model": "south.migrationhistory", "fields": {"applied": "2012-08-29T11:29:39.921Z", "app_name": "cms", "migration": "0009_added_meta_fields"}}, {"pk": 12, "model": "south.migrationhistory", "fields": {"applied": "2012-08-29T11:29:39.929Z", "app_name": "cms", "migration": "0010_5char_language"}}, {"pk": 13, "model": "south.migrationhistory", "fields": {"applied": "2012-08-29T11:29:39.936Z", "app_name": "cms", "migration": "0011_title_overwrites"}}, {"pk": 14, "model": "south.migrationhistory", "fields": {"applied": "2012-08-29T11:29:39.945Z", "app_name": "cms", "migration": "0012_publisher"}}, {"pk": 15, "model": "south.migrationhistory", "fields": {"applied": "2012-08-29T11:29:39.953Z", "app_name": "text", "migration": "0003_publisher"}}, {"pk": 16, "model": "south.migrationhistory", "fields": {"applied": "2012-08-29T11:29:39.960Z", "app_name": "cms", "migration": "0013_site_copy"}}, {"pk": 17, "model": "south.migrationhistory", "fields": {"applied": "2012-08-29T11:29:39.970Z", "app_name": "cms", "migration": "0014_sites_removed"}}, {"pk": 18, "model": "south.migrationhistory", "fields": {"applied": "2012-08-29T11:29:39.977Z", "app_name": "cms", "migration": "0015_modified_by_added"}}, {"pk": 19, "model": "south.migrationhistory", "fields": {"applied": "2012-08-29T11:29:39.985Z", "app_name": "cms", "migration": "0016_author_copy"}}, {"pk": 20, "model": "south.migrationhistory", "fields": {"applied": "2012-08-29T11:29:39.992Z", "app_name": "cms", "migration": "0017_author_removed"}}, {"pk": 21, "model": "south.migrationhistory", "fields": {"applied": "2012-08-29T11:29:40.002Z", "app_name": "cms", "migration": "0018_site_permissions"}}, {"pk": 22, "model": "south.migrationhistory", "fields": {"applied": "2012-08-29T11:29:40.012Z", "app_name": "cms", "migration": "0019_public_table_renames"}}, {"pk": 23, "model": "south.migrationhistory", "fields": {"applied": "2012-08-29T11:29:40.019Z", "app_name": "text", "migration": "0004_table_rename"}}, {"pk": 24, "model": "south.migrationhistory", "fields": {"applied": "2012-08-29T11:29:40.029Z", "app_name": "text", "migration": "0005_publisher2"}}, {"pk": 25, "model": "south.migrationhistory", "fields": {"applied": "2012-08-29T11:29:40.036Z", "app_name": "cms", "migration": "0020_advanced_permissions"}}, {"pk": 26, "model": "south.migrationhistory", "fields": {"applied": "2012-08-29T11:29:40.043Z", "app_name": "cms", "migration": "0021_publisher2"}}, {"pk": 27, "model": "south.migrationhistory", "fields": {"applied": "2012-08-29T11:29:40.050Z", "app_name": "cms", "migration": "0022_login_required_added"}}, {"pk": 28, "model": "south.migrationhistory", "fields": {"applied": "2012-08-29T11:29:40.060Z", "app_name": "cms", "migration": "0023_plugin_table_naming_function_changed"}}, {"pk": 29, "model": "south.migrationhistory", "fields": {"applied": "2012-08-29T11:29:40.068Z", "app_name": "cms", "migration": "0024_added_placeholder_model"}}, {"pk": 30, "model": "south.migrationhistory", "fields": {"applied": "2012-08-29T11:29:40.076Z", "app_name": "cms", "migration": "0025_placeholder_migration"}}, {"pk": 31, "model": "south.migrationhistory", "fields": {"applied": "2012-08-29T11:29:40.084Z", "app_name": "cms", "migration": "0026_finish_placeholder_migration"}}, {"pk": 32, "model": "south.migrationhistory", "fields": {"applied": "2012-08-29T11:29:40.092Z", "app_name": "cms", "migration": "0027_added_width_to_placeholder"}}, {"pk": 33, "model": "south.migrationhistory", "fields": {"applied": "2012-08-29T11:29:40.102Z", "app_name": "cms", "migration": "0028_limit_visibility_in_menu_step1of3"}}, {"pk": 34, "model": "south.migrationhistory", "fields": {"applied": "2012-08-29T11:29:40.110Z", "app_name": "cms", "migration": "0029_limit_visibility_in_menu_step2of3_data"}}, {"pk": 35, "model": "south.migrationhistory", "fields": {"applied": "2012-08-29T11:29:40.119Z", "app_name": "cms", "migration": "0030_limit_visibility_in_menu_step3of3"}}, {"pk": 36, "model": "south.migrationhistory", "fields": {"applied": "2012-08-29T11:29:40.128Z", "app_name": "cms", "migration": "0031_improved_language_code_support"}}, {"pk": 37, "model": "south.migrationhistory", "fields": {"applied": "2012-08-29T11:29:40.135Z", "app_name": "cms", "migration": "0032_auto__del_field_cmsplugin_publisher_public__del_field_cmsplugin_publis"}}, {"pk": 38, "model": "south.migrationhistory", "fields": {"applied": "2012-08-29T11:29:40.142Z", "app_name": "cms", "migration": "0033_auto__del_field_title_publisher_is_draft__del_field_title_publisher_st"}}, {"pk": 39, "model": "south.migrationhistory", "fields": {"applied": "2012-08-29T11:29:40.149Z", "app_name": "cms", "migration": "0034_auto__chg_field_title_language__chg_field_cmsplugin_language__add_fiel"}}, {"pk": 40, "model": "south.migrationhistory", "fields": {"applied": "2012-08-29T11:29:40.159Z", "app_name": "cms", "migration": "0035_auto__add_field_globalpagepermission_can_view__add_field_pagepermissio"}}, {"pk": 41, "model": "south.migrationhistory", "fields": {"applied": "2012-08-29T11:29:40.202Z", "app_name": "menus", "migration": "0001_initial"}}, {"pk": 42, "model": "south.migrationhistory", "fields": {"applied": "2012-08-29T11:29:40.254Z", "app_name": "text", "migration": "0006_2_1_4_upgrade"}}, {"pk": 43, "model": "south.migrationhistory", "fields": {"applied": "2012-08-29T11:29:40.261Z", "app_name": "text", "migration": "0007_initial"}}, {"pk": 44, "model": "south.migrationhistory", "fields": {"applied": "2012-08-29T11:29:40.303Z", "app_name": "filer", "migration": "0001_initial"}}, {"pk": 45, "model": "south.migrationhistory", "fields": {"applied": "2012-08-29T11:29:40.310Z", "app_name": "filer", "migration": "0002_rename_file_field"}}, {"pk": 46, "model": "south.migrationhistory", "fields": {"applied": "2012-08-29T11:29:40.319Z", "app_name": "filer", "migration": "0003_add_description_field"}}, {"pk": 47, "model": "south.migrationhistory", "fields": {"applied": "2012-08-29T11:29:40.326Z", "app_name": "filer", "migration": "0004_auto__del_field_file__file__add_field_file_file__add_field_file_is_pub"}}, {"pk": 48, "model": "south.migrationhistory", "fields": {"applied": "2012-08-29T11:29:40.333Z", "app_name": "filer", "migration": "0005_auto__add_field_file_sha1__chg_field_file_file"}}, {"pk": 49, "model": "south.migrationhistory", "fields": {"applied": "2012-08-29T11:29:40.341Z", "app_name": "filer", "migration": "0006_polymorphic__add_field_file_polymorphic_ctype"}}, {"pk": 50, "model": "south.migrationhistory", "fields": {"applied": "2012-08-29T11:29:40.350Z", "app_name": "filer", "migration": "0007_polymorphic__content_type_data"}}, {"pk": 51, "model": "south.migrationhistory", "fields": {"applied": "2012-08-29T11:29:40.359Z", "app_name": "filer", "migration": "0008_polymorphic__del_field_file__file_type_plugin_name"}}, {"pk": 52, "model": "south.migrationhistory", "fields": {"applied": "2012-08-29T11:29:40.367Z", "app_name": "filer", "migration": "0009_auto__add_field_folderpermission_can_edit_new__add_field_folderpermiss"}}, {"pk": 53, "model": "south.migrationhistory", "fields": {"applied": "2012-08-29T11:29:40.377Z", "app_name": "filer", "migration": "0010_folderpermissions"}}, {"pk": 54, "model": "south.migrationhistory", "fields": {"applied": "2012-08-29T11:29:40.385Z", "app_name": "filer", "migration": "0011_auto__del_field_folderpermission_can_add_children__del_field_folderper"}}, {"pk": 55, "model": "south.migrationhistory", "fields": {"applied": "2012-08-29T11:29:40.393Z", "app_name": "filer", "migration": "0012_renaming_folderpermissions"}}, {"pk": 56, "model": "south.migrationhistory", "fields": {"applied": "2012-08-29T11:29:40.442Z", "app_name": "easy_thumbnails", "migration": "0001_initial"}}, {"pk": 57, "model": "south.migrationhistory", "fields": {"applied": "2012-08-29T11:29:40.449Z", "app_name": "easy_thumbnails", "migration": "0002_filename_indexes"}}, {"pk": 58, "model": "south.migrationhistory", "fields": {"applied": "2012-08-29T11:29:40.458Z", "app_name": "easy_thumbnails", "migration": "0003_auto__add_storagenew"}}, {"pk": 59, "model": "south.migrationhistory", "fields": {"applied": "2012-08-29T11:29:40.465Z", "app_name": "easy_thumbnails", "migration": "0004_auto__add_field_source_storage_new__add_field_thumbnail_storage_new"}}, {"pk": 60, "model": "south.migrationhistory", "fields": {"applied": "2012-08-29T11:29:40.475Z", "app_name": "easy_thumbnails", "migration": "0005_storage_fks_null"}}, {"pk": 61, "model": "south.migrationhistory", "fields": {"applied": "2012-08-29T11:29:40.483Z", "app_name": "easy_thumbnails", "migration": "0006_copy_storage"}}, {"pk": 62, "model": "south.migrationhistory", "fields": {"applied": "2012-08-29T11:29:40.491Z", "app_name": "easy_thumbnails", "migration": "0007_storagenew_fks_not_null"}}, {"pk": 63, "model": "south.migrationhistory", "fields": {"applied": "2012-08-29T11:29:40.499Z", "app_name": "easy_thumbnails", "migration": "0008_auto__del_field_source_storage__del_field_thumbnail_storage"}}, {"pk": 64, "model": "south.migrationhistory", "fields": {"applied": "2012-08-29T11:29:40.509Z", "app_name": "easy_thumbnails", "migration": "0009_auto__del_storage"}}, {"pk": 65, "model": "south.migrationhistory", "fields": {"applied": "2012-08-29T11:29:40.521Z", "app_name": "easy_thumbnails", "migration": "0010_rename_storage"}}, {"pk": 66, "model": "south.migrationhistory", "fields": {"applied": "2012-08-29T11:29:40.529Z", "app_name": "easy_thumbnails", "migration": "0011_auto__add_field_source_storage_hash__add_field_thumbnail_storage_hash"}}, {"pk": 67, "model": "south.migrationhistory", "fields": {"applied": "2012-08-29T11:29:40.538Z", "app_name": "easy_thumbnails", "migration": "0012_build_storage_hashes"}}, {"pk": 68, "model": "south.migrationhistory", "fields": {"applied": "2012-08-29T11:29:40.551Z", "app_name": "easy_thumbnails", "migration": "0013_auto__del_storage__del_field_source_storage__del_field_thumbnail_stora"}}, {"pk": 69, "model": "south.migrationhistory", "fields": {"applied": "2012-08-29T11:29:40.558Z", "app_name": "easy_thumbnails", "migration": "0014_auto__add_unique_source_name_storage_hash__add_unique_thumbnail_name_s"}}, {"pk": 70, "model": "south.migrationhistory", "fields": {"applied": "2012-08-29T11:29:40.565Z", "app_name": "easy_thumbnails", "migration": "0015_auto__del_unique_thumbnail_name_storage_hash__add_unique_thumbnail_sou"}}, {"pk": 71, "model": "south.migrationhistory", "fields": {"applied": "2012-08-29T11:29:40.619Z", "app_name": "cmsplugin_nivoslider", "migration": "0001_initial"}}, {"pk": 72, "model": "south.migrationhistory", "fields": {"applied": "2012-08-29T11:29:40.627Z", "app_name": "cmsplugin_nivoslider", "migration": "0002_auto__add_field_sliderplugin_theme__add_field_sliderplugin_effect"}}, {"pk": 73, "model": "south.migrationhistory", "fields": {"applied": "2012-08-29T11:29:40.636Z", "app_name": "cmsplugin_nivoslider", "migration": "0003_auto__add_field_sliderplugin_anim_speed__add_field_sliderplugin_pause_"}}, {"pk": 74, "model": "south.migrationhistory", "fields": {"applied": "2012-08-29T11:29:40.645Z", "app_name": "cmsplugin_nivoslider", "migration": "0004_auto__add_field_sliderplugin_image_width__add_field_sliderplugin_image"}}, {"pk": 75, "model": "south.migrationhistory", "fields": {"applied": "2012-08-29T11:29:40.655Z", "app_name": "cmsplugin_nivoslider", "migration": "0005_auto__add_field_sliderplugin_show_ribbon"}}, {"pk": 76, "model": "south.migrationhistory", "fields": {"applied": "2012-08-29T11:29:40.663Z", "app_name": "cmsplugin_nivoslider", "migration": "0006_rename_fields_image_height_width__del_field_show_ribbon"}}, {"pk": 77, "model": "south.migrationhistory", "fields": {"applied": "2012-08-29T11:29:40.671Z", "app_name": "cmsplugin_nivoslider", "migration": "0007_auto__add_field_sliderplugin_manual_advance__add_field_sliderplugin_ar"}}, {"pk": 78, "model": "south.migrationhistory", "fields": {"applied": "2012-08-29T11:29:40.679Z", "app_name": "cmsplugin_nivoslider", "migration": "0008_auto__del_sliderimage__del_slideralbum"}}, {"pk": 79, "model": "south.migrationhistory", "fields": {"applied": "2012-08-29T11:46:15.239Z", "app_name": "myforms", "migration": "0001_initial"}}, {"pk": 80, "model": "south.migrationhistory", "fields": {"applied": "2012-08-29T11:47:08.213Z", "app_name": "myforms", "migration": "0002_auto__add_field_formlog_date"}}, {"pk": 81, "model": "south.migrationhistory", "fields": {"applied": "2012-08-29T12:31:45.106Z", "app_name": "menu", "migration": "0001_initial"}}, {"pk": 82, "model": "south.migrationhistory", "fields": {"applied": "2012-08-29T12:31:51.567Z", "app_name": "menu", "migration": "0002_initial"}}, {"pk": 83, "model": "south.migrationhistory", "fields": {"applied": "2012-08-29T12:32:44.447Z", "app_name": "dashboard", "migration": "0001_initial"}}, {"pk": 84, "model": "south.migrationhistory", "fields": {"applied": "2012-08-29T12:32:44.595Z", "app_name": "dashboard", "migration": "0002_auto__add_field_dashboardpreferences_dashboard_id"}}, {"pk": 85, "model": "south.migrationhistory", "fields": {"applied": "2012-08-29T12:32:57.389Z", "app_name": "dashboard", "migration": "0003_initial"}}, {"pk": 8, "model": "menus.cachekey", "fields": {"key": "cms-menu_nodes_ru_1_1_user", "site": 1, "language": "ru"}}, {"pk": 2, "model": "text.text", "fields": {"body": "<h2>\u041f\u0440\u0438\u043e\u0431\u0440\u0435\u0442\u0438\u0442\u0435 \u0443\u043d\u0438\u043a\u0430\u043b\u044c\u043d\u044b\u0439 \u0442\u043e\u0432\u0430\u0440.</h2>\n<p>\u041f\u0440\u044f\u043c\u043e \u0441\u0435\u0439\u0447\u0430\u0441 \u0443 \u0432\u0430\u0441 \u043f\u043e\u044f\u0432\u043b\u044f\u0435\u0442\u0441\u044f \u0443\u043d\u0438\u043a\u0430\u043b\u044c\u043d\u0430\u044f \u0432\u043e\u0437\u043c\u043e\u0436\u043d\u043e\u0441\u0442\u044c \u043f\u0440\u0438\u043e\u0431\u0440\u0435\u0441\u0442\u0438 \u044d\u0442\u043e\u0442 \u0442\u043e\u0432\u0430\u0440, \u0442\u043e\u043b\u044c\u043a\u043e \u0443 \u043d\u0430\u0441. \u0412\u044b \u043a\u043e\u0433\u0434\u0430-\u043d\u0438\u0431\u0443\u0434\u044c \u043f\u0440\u0438\u0445\u043e\u0434\u0438\u043b\u0438 \u0434\u043e\u043c\u043e\u0439 \u043f\u0440\u043e\u043c\u043e\u043a\u0448\u0438\u0435 \u0434\u043e \u043d\u0438\u0442\u043a\u0438? \u0412\u0430\u0441 \u043a\u043e\u0433\u0434\u0430-\u043d\u0438\u0431\u0443\u0434\u044c \u0437\u0430\u0441\u0442\u0430\u0432\u0430\u043b \u0432 \u0432\u0440\u0430\u0441\u043f\u043b\u043e\u0445 \u0432\u043d\u0435\u0437\u0430\u043f\u043d\u043e \u043d\u0430\u0447\u0430\u0432\u0448\u0438\u0439\u0441\u044f \u0434\u043e\u0436\u0434\u044c? \u0412\u044b \u0431\u044b \u0445\u043e\u0442\u0435\u043b\u0438 \u0432\u0441\u0435\u0433\u0434\u0430 \u0438\u043c\u0435\u0442\u044c \u043f\u0440\u0438 \u0441\u0435\u0431\u0435 \u0441\u0442\u0438\u043b\u044c\u043d\u044b\u0439, \u043c\u043e\u0434\u043d\u044b\u0439 \u0437\u043e\u043d\u0442, \u043f\u043e\u0434\u0447\u0435\u0440\u043a\u0438\u0432\u0430\u044e\u0449\u0438\u0439 \u0432\u0430\u0448\u0443 \u0443\u043d\u0438\u043a\u0430\u043b\u044c\u043d\u043e\u0441\u0442\u044c?</p>\n<h2>\u041a\u0430\u0447\u0435\u0441\u0442\u0432\u0435\u043d\u043d\u044b\u0439 \u0437\u043e\u043d\u0442 \u043f\u043e \u0434\u043e\u0441\u0442\u0443\u043f\u043d\u043e\u0439 \u0446\u0435\u043d\u0435.</h2>\n<p>\u0415\u0441\u043b\u0438 \u0432\u044b \u043e\u0442\u0432\u0435\u0442\u0438\u043b\u0438 \u0434\u0430, \u0442\u043e \u0412\u044b \u043c\u043e\u0436\u0435\u0442\u0435 \u043f\u0440\u0438\u043e\u0431\u0440\u0435\u0441\u0442\u0438 \u0443 \u043d\u0430\u0441 \u0441\u0432\u0435\u0440\u0445 \u043f\u0440\u043e\u0447\u043d\u044b\u0439 \u0437\u043e\u043d\u0442 \u0441 \u0441\u0438\u0441\u0442\u0435\u043c\u043e\u0439 \u0430\u043d\u0442\u0438-\u0448\u0442\u043e\u0440\u043c. \u042d\u0442\u043e\u0442 \u0437\u043e\u043d\u0442 \u043f\u043e\u043c\u043e\u0436\u0435\u0442 \u0432\u0430\u043c \u043f\u0440\u0438\u0439\u0442\u0438 \u0434\u043e\u043c\u043e\u0439 \u043d\u0435 \u043f\u0440\u043e\u043c\u043e\u043a\u043d\u0443\u0432 \u0432\u043e \u0432\u0440\u0435\u043c\u044f \u0441\u0438\u043b\u044c\u043d\u043e\u0433\u043e \u043b\u0438\u0432\u043d\u044f. \u0423\u043d\u0438\u043a\u0430\u043b\u044c\u043d\u044b\u0435 \u0441\u043f\u0438\u0446\u044b \u0441 \u0443\u0441\u0438\u043b\u0435\u043d\u043d\u043e\u0439 \u043f\u043b\u0430\u0441\u0442\u0438\u043a\u043e\u0432\u043e\u0439 \u043e\u043f\u043e\u0440\u043e\u0439, \u043c\u0435\u043d\u044c\u0448\u0435 \u043f\u043e\u0434\u0432\u0435\u0440\u0436\u0435\u043d\u044b \u0440\u0436\u0430\u0432\u0447\u0438\u043d\u0435 \u0438 \u043a\u043e\u0440\u0440\u043e\u0437\u0438\u0438. \u042d\u0442\u043e\u0442 \u043f\u0440\u043e\u0434\u0443\u043a\u0442 \u0431\u0443\u0434\u0435\u0442 \u0432\u0435\u0440\u043d\u044b\u043c \u0434\u0440\u0443\u0433\u043e\u043c \u0438 \u0441\u043f\u0430\u0441\u0438\u0442\u0435\u043b\u0435\u043c, \u0432 \u0434\u043e\u0436\u0434\u043b\u0438\u0432\u044b\u0435 \u0432\u0440\u0435\u043c\u0435\u043d\u0430 \u0433\u043e\u0434\u0430. \u042d\u0442\u043e\u0442 \u0437\u043e\u043d\u0442 \u0431\u0443\u0434\u0435\u0442 \u043e\u0442\u043b\u0438\u0447\u043d\u044b\u0439 \u0434\u043e\u043f\u043e\u043b\u043d\u0435\u043d\u0438\u0435\u043c \u043a \u0432\u0430\u0448\u0435\u043c\u0443 \u0441\u0442\u0438\u043b\u044e \u0438 \u043f\u043e\u043c\u043e\u0436\u0435\u0442 \u043f\u043e\u0434\u0447\u0435\u0440\u043a\u043d\u0443\u0442\u044c \u0432\u0430\u0448\u0443 \u0438\u043d\u0434\u0438\u0432\u0438\u0434\u0443\u0430\u043b\u044c\u043d\u043e\u0441\u0442\u044c.</p>\n<h2>\u041a\u0443\u043f\u0438 \u0443 \u043d\u0430\u0441.</h2>\n<p>\u041f\u043e\u043a\u0443\u043f\u0430\u0439\u0442\u0435 \u0437\u043e\u043d\u0442 \u043f\u0440\u044f\u043c\u043e \u0441\u0435\u0439\u0447\u0430\u0441, \u043d\u0435 \u0443\u043f\u0443\u0441\u0442\u0438\u0442\u0435 \u0442\u0430\u043a\u0443\u044e \u0432\u043e\u0437\u043c\u043e\u0436\u043d\u043e\u0441\u0442\u044c.</p>"}}, {"pk": 4, "model": "text.text", "fields": {"body": "<h2>\u0414\u043e\u0441\u0442\u0430\u0432\u043a\u0430</h2>\n<p>\u041c\u044b \u043e\u0440\u0433\u0430\u043d\u0438\u0437\u0443\u0435\u043c \u0434\u043e\u0441\u0442\u0430\u0432\u043a\u0443 \u043f\u043e \u0421\u0430\u043d\u043a\u0442-\u041f\u0435\u0442\u0435\u0440\u0431\u0443\u0440\u0433\u0443 \u0438 \u0432\u0441\u0435\u0439 \u0420\u043e\u0441\u0441\u0438\u0438.<br/> \u0421\u0442\u043e\u0438\u043c\u043e\u0441\u0442\u044c \u0434\u043e\u0441\u0442\u0430\u0432\u043a\u0438 \u0441\u043e\u0441\u0442\u0430\u0432\u043b\u044f\u0435\u0442 250 \u0440\u0443\u0431.</p>"}}, {"pk": 5, "model": "text.text", "fields": {"body": "<h2>\u041a\u043e\u043d\u0442\u0430\u043a\u0442\u044b</h2>\n<p><br/><br/></p>\n<p>\u0422\u0435\u043b\u0435\u0444\u043e\u043d \u0434\u043b\u044f \u0441\u0432\u044f\u0437\u0438:<span style=\"font-size: 22px; color: #ff0000;\"> (812) 920-62-12</span></p>\n<p>\u0422\u0430\u043a \u0436\u0435 \u0432\u044b \u043c\u043e\u0436\u0435\u0442\u0435 \u043d\u0430\u043c \u043d\u0430\u043f\u0438\u0441\u0430\u0442\u044c <a href=\"../../../../../../../zakazat/\">\u043f\u0438\u0441\u044c\u043c\u043e \u043f\u0440\u044f\u043c\u043e \u0441 \u0441\u0430\u0439\u0442\u0430</a>.<br/> \u0418\u043b\u0438 \u043f\u043e \u044d\u043b\u0435\u043a\u0442\u0440\u043e\u043d\u043d\u043e\u0439 \u043f\u043e\u0447\u0442\u0435 \u043d\u0430 \u0430\u0434\u0440\u0435\u0441: <span style=\"color: #0000ff; font-size: 20px;\">sale@mega-zont.ru</span></p>\n<p>\u041d\u0430\u0448 \u0430\u0434\u0440\u0435\u0441:</p>\n<address>\u0421\u0430\u043d\u043a\u0442-\u041f\u0435\u0442\u0435\u0440\u0431\u0443\u0440\u0433, \u0443\u043b\u0438\u0446\u0430 \u0413\u043e\u0440\u043e\u0445\u043e\u0432\u0430\u044f, \u0434\u043e\u043c 49, \u043d\u0435\u0434\u0430\u043b\u0435\u043a\u043e \u043e\u0442 \u0441\u0442\u0430\u043d\u0446\u0438\u0438 \u043c\u0435\u0442\u0440\u043e \u0421\u0435\u043d\u043d\u0430\u044f.</address>"}}, {"pk": 6, "model": "text.text", "fields": {"body": "<h2>\u041e\u043f\u0442\u043e\u0432\u044b\u0435 \u0437\u0430\u043a\u0443\u043f\u043a\u0438</h2>\n<p>\u0423 \u0432\u0430\u0441 \u0435\u0441\u0442\u044c \u0432\u043e\u0437\u043c\u043e\u0436\u043d\u043e\u0441\u0442\u044c \u043f\u0440\u0438\u043e\u0431\u0440\u0435\u0441\u0442\u0438 \u043d\u0430\u0448\u0438 \u0437\u043e\u043d\u0442\u044b \u043f\u043e \u043e\u043f\u0442\u043e\u0432\u044b\u043c \u0446\u0435\u043d\u0430\u043c. \u041e\u043f\u0442\u043e\u043c \u0441\u0447\u0438\u0442\u0430\u0435\u0442\u0441\u044f \u043f\u0430\u0440\u0442\u0438\u044f \u043a\u043e\u043b\u0438\u0447\u0435\u0441\u0442\u0432\u043e \u0442\u043e\u0432\u0430\u0440\u0430 \u0432 \u043a\u043e\u0442\u043e\u0440\u043e\u0439 \u043e\u0442 20 \u0448\u0442\u0443\u043a. \u041c\u044b \u043d\u0430\u0439\u0434\u0435\u043c \u0438\u043d\u0434\u0438\u0432\u0438\u0434\u0443\u0430\u043b\u044c\u043d\u044b\u0439 \u043f\u043e\u0434\u0445\u043e\u0434 \u043a \u043a\u0430\u0436\u0434\u043e\u043c\u0443, <a href=\"../../../../../../../kontakty/\">\u0437\u0432\u043e\u043d\u0438\u0442\u0435 \u043d\u0430\u043c</a> \u0438\u043b\u0438 <a href=\"../../../../../../../zakazat/\">\u043e\u0441\u0442\u0430\u0432\u043b\u044f\u0439\u0442\u0435 \u0437\u0430\u044f\u0432\u043a\u0443</a> \u043d\u0430 \u0441\u0430\u0439\u0442\u0435.</p>"}}, {"pk": 3, "model": "bootstrap_tags.clearhtml", "fields": {"text_f": "<a href=\"/zakazat/\" class='btn btn-primary btn-large'><i class=\"icon-shopping-cart icon-white\"></i> \u041a\u0443\u043f\u0438\u0442\u044c</a>"}}, {"pk": 1, "model": "myforms.formlogplugin", "fields": {"form_number": 1}}, {"pk": 1, "model": "myforms.formlog", "fields": {"comment": "546456", "date": "2012-08-28T20:00:00Z", "email": "koligin@mail.ru"}}, {"pk": 2, "model": "myforms.formlog", "fields": {"comment": "345345345", "date": "2012-08-29T11:48:08.902Z", "email": "koligin345345@mail.ru"}}, {"pk": 3, "model": "myforms.formlog", "fields": {"comment": "345", "date": "2012-08-30T12:17:16.148Z", "email": "koligin@mail.ru"}}, {"pk": 1, "model": "options.options", "fields": {"discription": "\u0411\u0443\u043b\u0435\u0432\u043d\u043e\u0435 \u0437\u0430\u043d\u0447\u0435\u043d\u0438\u0435, \u043e\u043f\u0440\u0435\u0434\u0435\u043b\u044f\u0435\u0442 \u0440\u0435\u0436\u0438\u043c \u043a\u0443\u043f\u043e\u043d\u0430\u0442\u043e\u0440 \u0438\u043b\u0438 \u043d\u0435\u0442", "status_bool": false, "status_text": "", "name": "kuponator"}}, {"pk": 19, "model": "auth.permission", "fields": {"codename": "add_logentry", "name": "Can add log entry", "content_type": 7}}, {"pk": 20, "model": "auth.permission", "fields": {"codename": "change_logentry", "name": "Can change log entry", "content_type": 7}}, {"pk": 21, "model": "auth.permission", "fields": {"codename": "delete_logentry", "name": "Can delete log entry", "content_type": 7}}, {"pk": 4, "model": "auth.permission", "fields": {"codename": "add_group", "name": "Can add group", "content_type": 2}}, {"pk": 5, "model": "auth.permission", "fields": {"codename": "change_group", "name": "Can change group", "content_type": 2}}, {"pk": 6, "model": "auth.permission", "fields": {"codename": "delete_group", "name": "Can delete group", "content_type": 2}}, {"pk": 1, "model": "auth.permission", "fields": {"codename": "add_permission", "name": "Can add permission", "content_type": 1}}, {"pk": 2, "model": "auth.permission", "fields": {"codename": "change_permission", "name": "Can change permission", "content_type": 1}}, {"pk": 3, "model": "auth.permission", "fields": {"codename": "delete_permission", "name": "Can delete permission", "content_type": 1}}, {"pk": 7, "model": "auth.permission", "fields": {"codename": "add_user", "name": "Can add user", "content_type": 3}}, {"pk": 8, "model": "auth.permission", "fields": {"codename": "change_user", "name": "Can change user", "content_type": 3}}, {"pk": 9, "model": "auth.permission", "fields": {"codename": "delete_user", "name": "Can delete user", "content_type": 3}}, {"pk": 62, "model": "auth.permission", "fields": {"codename": "add_clearhtml", "name": "Can add \u0427\u0438\u0441\u0442\u044b\u0439 html", "content_type": 21}}, {"pk": 63, "model": "auth.permission", "fields": {"codename": "change_clearhtml", "name": "Can change \u0427\u0438\u0441\u0442\u044b\u0439 html", "content_type": 21}}, {"pk": 64, "model": "auth.permission", "fields": {"codename": "delete_clearhtml", "name": "Can delete \u0427\u0438\u0441\u0442\u044b\u0439 html", "content_type": 21}}, {"pk": 25, "model": "auth.permission", "fields": {"codename": "add_cmsplugin", "name": "Can add cms plugin", "content_type": 9}}, {"pk": 26, "model": "auth.permission", "fields": {"codename": "change_cmsplugin", "name": "Can change cms plugin", "content_type": 9}}, {"pk": 27, "model": "auth.permission", "fields": {"codename": "delete_cmsplugin", "name": "Can delete cms plugin", "content_type": 9}}, {"pk": 38, "model": "auth.permission", "fields": {"codename": "add_globalpagepermission", "name": "Can add Page global permission", "content_type": 13}}, {"pk": 39, "model": "auth.permission", "fields": {"codename": "change_globalpagepermission", "name": "Can change Page global permission", "content_type": 13}}, {"pk": 40, "model": "auth.permission", "fields": {"codename": "delete_globalpagepermission", "name": "Can delete Page global permission", "content_type": 13}}, {"pk": 28, "model": "auth.permission", "fields": {"codename": "add_page", "name": "Can add page", "content_type": 10}}, {"pk": 29, "model": "auth.permission", "fields": {"codename": "change_page", "name": "Can change page", "content_type": 10}}, {"pk": 30, "model": "auth.permission", "fields": {"codename": "delete_page", "name": "Can delete page", "content_type": 10}}, {"pk": 31, "model": "auth.permission", "fields": {"codename": "view_page", "name": "Can view page", "content_type": 10}}, {"pk": 32, "model": "auth.permission", "fields": {"codename": "add_pagemoderator", "name": "Can add PageModerator", "content_type": 11}}, {"pk": 33, "model": "auth.permission", "fields": {"codename": "change_pagemoderator", "name": "Can change PageModerator", "content_type": 11}}, {"pk": 34, "model": "auth.permission", "fields": {"codename": "delete_pagemoderator", "name": "Can delete PageModerator", "content_type": 11}}, {"pk": 35, "model": "auth.permission", "fields": {"codename": "add_pagemoderatorstate", "name": "Can add Page moderator state", "content_type": 12}}, {"pk": 36, "model": "auth.permission", "fields": {"codename": "change_pagemoderatorstate", "name": "Can change Page moderator state", "content_type": 12}}, {"pk": 37, "model": "auth.permission", "fields": {"codename": "delete_pagemoderatorstate", "name": "Can delete Page moderator state", "content_type": 12}}, {"pk": 41, "model": "auth.permission", "fields": {"codename": "add_pagepermission", "name": "Can add Page permission", "content_type": 14}}, {"pk": 42, "model": "auth.permission", "fields": {"codename": "change_pagepermission", "name": "Can change Page permission", "content_type": 14}}, {"pk": 43, "model": "auth.permission", "fields": {"codename": "delete_pagepermission", "name": "Can delete Page permission", "content_type": 14}}, {"pk": 44, "model": "auth.permission", "fields": {"codename": "add_pageuser", "name": "Can add User (page)", "content_type": 15}}, {"pk": 45, "model": "auth.permission", "fields": {"codename": "change_pageuser", "name": "Can change User (page)", "content_type": 15}}, {"pk": 46, "model": "auth.permission", "fields": {"codename": "delete_pageuser", "name": "Can delete User (page)", "content_type": 15}}, {"pk": 47, "model": "auth.permission", "fields": {"codename": "add_pageusergroup", "name": "Can add User group (page)", "content_type": 16}}, {"pk": 48, "model": "auth.permission", "fields": {"codename": "change_pageusergroup", "name": "Can change User group (page)", "content_type": 16}}, {"pk": 49, "model": "auth.permission", "fields": {"codename": "delete_pageusergroup", "name": "Can delete User group (page)", "content_type": 16}}, {"pk": 22, "model": "auth.permission", "fields": {"codename": "add_placeholder", "name": "Can add placeholder", "content_type": 8}}, {"pk": 23, "model": "auth.permission", "fields": {"codename": "change_placeholder", "name": "Can change placeholder", "content_type": 8}}, {"pk": 24, "model": "auth.permission", "fields": {"codename": "delete_placeholder", "name": "Can delete placeholder", "content_type": 8}}, {"pk": 50, "model": "auth.permission", "fields": {"codename": "add_title", "name": "Can add title", "content_type": 17}}, {"pk": 51, "model": "auth.permission", "fields": {"codename": "change_title", "name": "Can change title", "content_type": 17}}, {"pk": 52, "model": "auth.permission", "fields": {"codename": "delete_title", "name": "Can delete title", "content_type": 17}}, {"pk": 90, "model": "auth.permission", "fields": {"codename": "add_sliderplugin", "name": "Can add slider plugin", "content_type": 30}}, {"pk": 91, "model": "auth.permission", "fields": {"codename": "change_sliderplugin", "name": "Can change slider plugin", "content_type": 30}}, {"pk": 92, "model": "auth.permission", "fields": {"codename": "delete_sliderplugin", "name": "Can delete slider plugin", "content_type": 30}}, {"pk": 10, "model": "auth.permission", "fields": {"codename": "add_contenttype", "name": "Can add content type", "content_type": 4}}, {"pk": 11, "model": "auth.permission", "fields": {"codename": "change_contenttype", "name": "Can change content type", "content_type": 4}}, {"pk": 12, "model": "auth.permission", "fields": {"codename": "delete_contenttype", "name": "Can delete content type", "content_type": 4}}, {"pk": 102, "model": "auth.permission", "fields": {"codename": "add_dashboardpreferences", "name": "Can add dashboard preferences", "content_type": 34}}, {"pk": 103, "model": "auth.permission", "fields": {"codename": "change_dashboardpreferences", "name": "Can change dashboard preferences", "content_type": 34}}, {"pk": 104, "model": "auth.permission", "fields": {"codename": "delete_dashboardpreferences", "name": "Can delete dashboard preferences", "content_type": 34}}, {"pk": 84, "model": "auth.permission", "fields": {"codename": "add_source", "name": "Can add source", "content_type": 28}}, {"pk": 85, "model": "auth.permission", "fields": {"codename": "change_source", "name": "Can change source", "content_type": 28}}, {"pk": 86, "model": "auth.permission", "fields": {"codename": "delete_source", "name": "Can delete source", "content_type": 28}}, {"pk": 87, "model": "auth.permission", "fields": {"codename": "add_thumbnail", "name": "Can add thumbnail", "content_type": 29}}, {"pk": 88, "model": "auth.permission", "fields": {"codename": "change_thumbnail", "name": "Can change thumbnail", "content_type": 29}}, {"pk": 89, "model": "auth.permission", "fields": {"codename": "delete_thumbnail", "name": "Can delete thumbnail", "content_type": 29}}, {"pk": 75, "model": "auth.permission", "fields": {"codename": "add_clipboard", "name": "Can add clipboard", "content_type": 25}}, {"pk": 76, "model": "auth.permission", "fields": {"codename": "change_clipboard", "name": "Can change clipboard", "content_type": 25}}, {"pk": 77, "model": "auth.permission", "fields": {"codename": "delete_clipboard", "name": "Can delete clipboard", "content_type": 25}}, {"pk": 78, "model": "auth.permission", "fields": {"codename": "add_clipboarditem", "name": "Can add clipboard item", "content_type": 26}}, {"pk": 79, "model": "auth.permission", "fields": {"codename": "change_clipboarditem", "name": "Can change clipboard item", "content_type": 26}}, {"pk": 80, "model": "auth.permission", "fields": {"codename": "delete_clipboarditem", "name": "Can delete clipboard item", "content_type": 26}}, {"pk": 72, "model": "auth.permission", "fields": {"codename": "add_file", "name": "Can add file", "content_type": 24}}, {"pk": 73, "model": "auth.permission", "fields": {"codename": "change_file", "name": "Can change file", "content_type": 24}}, {"pk": 74, "model": "auth.permission", "fields": {"codename": "delete_file", "name": "Can delete file", "content_type": 24}}, {"pk": 65, "model": "auth.permission", "fields": {"codename": "add_folder", "name": "Can add Folder", "content_type": 22}}, {"pk": 68, "model": "auth.permission", "fields": {"codename": "can_use_directory_listing", "name": "Can use directory listing", "content_type": 22}}, {"pk": 66, "model": "auth.permission", "fields": {"codename": "change_folder", "name": "Can change Folder", "content_type": 22}}, {"pk": 67, "model": "auth.permission", "fields": {"codename": "delete_folder", "name": "Can delete Folder", "content_type": 22}}, {"pk": 69, "model": "auth.permission", "fields": {"codename": "add_folderpermission", "name": "Can add folder permission", "content_type": 23}}, {"pk": 70, "model": "auth.permission", "fields": {"codename": "change_folderpermission", "name": "Can change folder permission", "content_type": 23}}, {"pk": 71, "model": "auth.permission", "fields": {"codename": "delete_folderpermission", "name": "Can delete folder permission", "content_type": 23}}, {"pk": 81, "model": "auth.permission", "fields": {"codename": "add_image", "name": "Can add image", "content_type": 27}}, {"pk": 82, "model": "auth.permission", "fields": {"codename": "change_image", "name": "Can change image", "content_type": 27}}, {"pk": 83, "model": "auth.permission", "fields": {"codename": "delete_image", "name": "Can delete image", "content_type": 27}}, {"pk": 99, "model": "auth.permission", "fields": {"codename": "add_bookmark", "name": "Can add bookmark", "content_type": 33}}, {"pk": 100, "model": "auth.permission", "fields": {"codename": "change_bookmark", "name": "Can change bookmark", "content_type": 33}}, {"pk": 101, "model": "auth.permission", "fields": {"codename": "delete_bookmark", "name": "Can delete bookmark", "content_type": 33}}, {"pk": 56, "model": "auth.permission", "fields": {"codename": "add_cachekey", "name": "Can add cache key", "content_type": 19}}, {"pk": 57, "model": "auth.permission", "fields": {"codename": "change_cachekey", "name": "Can change cache key", "content_type": 19}}, {"pk": 58, "model": "auth.permission", "fields": {"codename": "delete_cachekey", "name": "Can delete cache key", "content_type": 19}}, {"pk": 96, "model": "auth.permission", "fields": {"codename": "add_formlog", "name": "Can add form log", "content_type": 32}}, {"pk": 97, "model": "auth.permission", "fields": {"codename": "change_formlog", "name": "Can change form log", "content_type": 32}}, {"pk": 98, "model": "auth.permission", "fields": {"codename": "delete_formlog", "name": "Can delete form log", "content_type": 32}}, {"pk": 93, "model": "auth.permission", "fields": {"codename": "add_formlogplugin", "name": "Can add form log plugin", "content_type": 31}}, {"pk": 94, "model": "auth.permission", "fields": {"codename": "change_formlogplugin", "name": "Can change form log plugin", "content_type": 31}}, {"pk": 95, "model": "auth.permission", "fields": {"codename": "delete_formlogplugin", "name": "Can delete form log plugin", "content_type": 31}}, {"pk": 105, "model": "auth.permission", "fields": {"codename": "add_options", "name": "Can add options", "content_type": 35}}, {"pk": 106, "model": "auth.permission", "fields": {"codename": "change_options", "name": "Can change options", "content_type": 35}}, {"pk": 107, "model": "auth.permission", "fields": {"codename": "delete_options", "name": "Can delete options", "content_type": 35}}, {"pk": 13, "model": "auth.permission", "fields": {"codename": "add_session", "name": "Can add session", "content_type": 5}}, {"pk": 14, "model": "auth.permission", "fields": {"codename": "change_session", "name": "Can change session", "content_type": 5}}, {"pk": 15, "model": "auth.permission", "fields": {"codename": "delete_session", "name": "Can delete session", "content_type": 5}}, {"pk": 16, "model": "auth.permission", "fields": {"codename": "add_site", "name": "Can add site", "content_type": 6}}, {"pk": 17, "model": "auth.permission", "fields": {"codename": "change_site", "name": "Can change site", "content_type": 6}}, {"pk": 18, "model": "auth.permission", "fields": {"codename": "delete_site", "name": "Can delete site", "content_type": 6}}, {"pk": 53, "model": "auth.permission", "fields": {"codename": "add_migrationhistory", "name": "Can add migration history", "content_type": 18}}, {"pk": 54, "model": "auth.permission", "fields": {"codename": "change_migrationhistory", "name": "Can change migration history", "content_type": 18}}, {"pk": 55, "model": "auth.permission", "fields": {"codename": "delete_migrationhistory", "name": "Can delete migration history", "content_type": 18}}, {"pk": 59, "model": "auth.permission", "fields": {"codename": "add_text", "name": "Can add text", "content_type": 20}}, {"pk": 60, "model": "auth.permission", "fields": {"codename": "change_text", "name": "Can change text", "content_type": 20}}, {"pk": 61, "model": "auth.permission", "fields": {"codename": "delete_text", "name": "Can delete text", "content_type": 20}}, {"pk": 1, "model": "auth.user", "fields": {"username": "admin", "first_name": "", "last_name": "", "is_active": true, "is_superuser": true, "is_staff": true, "last_login": "2012-08-29T11:29:57.074Z", "groups": [], "user_permissions": [], "password": "pbkdf2_sha256$10000$zcns7unj2mO3$CxjEuzz7EiEzCBcgVCaaC+/1Eor8Q/mqKY9oRGjji7U=", "email": "a@a.ru", "date_joined": "2012-08-29T11:29:31.662Z"}}, {"pk": 14, "model": "admin.logentry", "fields": {"action_flag": 2, "action_time": "2012-08-30T11:21:20.707Z", "object_repr": "\u041e\u043f\u0442\u043e\u0432\u044b\u0435 \u0437\u0430\u043a\u0443\u043f\u043a\u0438", "object_id": "5", "change_message": "\u0418\u0437\u043c\u0435\u043d\u0435\u043d moderator_state.", "user": 1, "content_type": 10}}, {"pk": 13, "model": "admin.logentry", "fields": {"action_flag": 2, "action_time": "2012-08-30T11:19:44.503Z", "object_repr": "\u041a\u043e\u043d\u0442\u0430\u043a\u0442\u044b", "object_id": "4", "change_message": "\u0418\u0437\u043c\u0435\u043d\u0435\u043d moderator_state.", "user": 1, "content_type": 10}}, {"pk": 12, "model": "admin.logentry", "fields": {"action_flag": 2, "action_time": "2012-08-30T11:16:20.324Z", "object_repr": "\u0414\u043e\u0441\u0442\u0430\u0432\u043a\u0430", "object_id": "3", "change_message": "\u0418\u0437\u043c\u0435\u043d\u0435\u043d moderator_state.", "user": 1, "content_type": 10}}, {"pk": 11, "model": "admin.logentry", "fields": {"action_flag": 2, "action_time": "2012-08-30T11:14:30.230Z", "object_repr": "\u0413\u043b\u0430\u0432\u043d\u0430\u044f", "object_id": "1", "change_message": "\u0418\u0437\u043c\u0435\u043d\u0435\u043d moderator_state.", "user": 1, "content_type": 10}}, {"pk": 10, "model": "admin.logentry", "fields": {"action_flag": 2, "action_time": "2012-08-30T11:11:42.391Z", "object_repr": "\u0413\u043b\u0430\u0432\u043d\u0430\u044f", "object_id": "1", "change_message": "\u0418\u0437\u043c\u0435\u043d\u0435\u043d moderator_state.", "user": 1, "content_type": 10}}, {"pk": 9, "model": "admin.logentry", "fields": {"action_flag": 1, "action_time": "2012-08-30T11:00:55.540Z", "object_repr": "\u041e\u043f\u0442\u043e\u0432\u044b\u0435 \u0437\u0430\u043a\u0443\u043f\u043a\u0438", "object_id": "5", "change_message": "", "user": 1, "content_type": 10}}, {"pk": 8, "model": "admin.logentry", "fields": {"action_flag": 1, "action_time": "2012-08-30T11:00:29.201Z", "object_repr": "\u041a\u043e\u043d\u0442\u0430\u043a\u0442\u044b", "object_id": "4", "change_message": "", "user": 1, "content_type": 10}}, {"pk": 7, "model": "admin.logentry", "fields": {"action_flag": 1, "action_time": "2012-08-30T10:58:29.716Z", "object_repr": "\u0414\u043e\u0441\u0442\u0430\u0432\u043a\u0430", "object_id": "3", "change_message": "", "user": 1, "content_type": 10}}, {"pk": 6, "model": "admin.logentry", "fields": {"action_flag": 2, "action_time": "2012-08-29T11:31:46.232Z", "object_repr": "\u0413\u043b\u0430\u0432\u043d\u0430\u044f", "object_id": "1", "change_message": "\u0418\u0437\u043c\u0435\u043d\u0435\u043d moderator_state.", "user": 1, "content_type": 10}}, {"pk": 5, "model": "admin.logentry", "fields": {"action_flag": 2, "action_time": "2012-08-29T11:31:38.139Z", "object_repr": "\u0417\u0430\u043a\u0430\u0437\u0430\u0442\u044c", "object_id": "2", "change_message": "\u0418\u0437\u043c\u0435\u043d\u0435\u043d moderator_state.", "user": 1, "content_type": 10}}, {"pk": 4, "model": "admin.logentry", "fields": {"action_flag": 2, "action_time": "2012-08-29T11:30:37.436Z", "object_repr": "\u0417\u0430\u043a\u0430\u0437\u0430\u0442\u044c", "object_id": "2", "change_message": "\u0418\u0437\u043c\u0435\u043d\u0435\u043d moderator_state.", "user": 1, "content_type": 10}}, {"pk": 3, "model": "admin.logentry", "fields": {"action_flag": 2, "action_time": "2012-08-29T11:30:26.453Z", "object_repr": "\u0417\u0430\u043a\u0430\u0437\u0430\u0442\u044c", "object_id": "2", "change_message": "\u0418\u0437\u043c\u0435\u043d\u0435\u043d published,in_navigation \u0438 moderator_state.", "user": 1, "content_type": 10}}, {"pk": 2, "model": "admin.logentry", "fields": {"action_flag": 1, "action_time": "2012-08-29T11:30:16.719Z", "object_repr": "\u0417\u0430\u043a\u0430\u0437\u0430\u0442\u044c", "object_id": "2", "change_message": "", "user": 1, "content_type": 10}}, {"pk": 1, "model": "admin.logentry", "fields": {"action_flag": 1, "action_time": "2012-08-29T11:30:07.397Z", "object_repr": "\u0413\u043b\u0430\u0432\u043d\u0430\u044f", "object_id": "1", "change_message": "", "user": 1, "content_type": 10}}, {"pk": 1, "model": "dashboard.dashboardpreferences", "fields": {"dashboard_id": "dashboard", "data": "{}", "user": 1}}]